School Name,School Number (State),School Number (NCES),Lowest Grade Level Served,Highest Grade Level Served,District Name,District Number (State),District Number (NCES),Total HS,Total HS Female,Total HS American Indian or Alaska Native,Total HS Asian,Total HS Black or African American,Total HS Hispanic or Latino,Total HS Native Hawaiian or Pacific Islander,Total HS Two or more races,Total HS White,Total HS Disability,Total HS Eco. Dis.,Total HS Eng. Learners,CSB Offer,CSB Total,CSB Female,CSB American Indian or Alaska Native,CSB Asian,CSB Black or African American,CSB Hispanic or Latino,CSB Native Hawaiian or Pacific Islander,CSB Two or more races,CSB White,CSB Disability,CSB Eco. Dis.,CSB Eng. Learners,CSA Offer,CSA Total,CSA Female,CSA American Indian or Alaska Native,CSA Asian,CSA Black or African American,CSA Hispanic or Latino,CSA Native Hawaiian or Pacific Islander,CSA Two or more races,CSA White,CSA Disability,CSA Eco. Dis.,CSA Eng. Learners,CSR Offer,CSR Total,CSR Female,CSR American Indian or Alaska Native,CSR Asian,CSR Black or African American,CSR Hispanic or Latino,CSR Native Hawaiian or Pacific Islander,CSR Two or more races,CSR White,CSR Disability,CSR Eco. Dis.,CSR Eng. Learners
Academy for Math Engineering & Science,700,904,9,12,Academy for Math Engineering & Science,83,4900017,342,155,n<10,44,12,67,27,18,201,30,96,n<10,3,186,79,n<10,24,n<10,34,13,n<10,105,16,45,n<10,1,17,n<10,n<10,n<10,n<10,n<10,n<10,n<10,11,n<10,n<10,n<10,4,139,71,n<10,17,n<10,32,14,n<10,85,11,49,n<10
Alta High,702,659,9,12,Canyons District,42,4900142,556,173,n<10,19,n<10,77,n<10,37,427,57,123,22,4,229,55,n<10,10,n<10,37,n<10,15,175,30,53,11,1,30,n<10,n<10,n<10,n<10,n<10,n<10,n<10,24,n<10,n<10,n<10,3,297,116,n<10,n<10,n<10,38,n<10,19,228,24,65,10
American Academy of Innovation,700,1483,9,12,American Academy of Innovation,8K,4900186,65,n<10,n<10,n<10,n<10,10,n<10,n<10,52,13,n<10,n<10,,,,,,,,,,,,,,,,,,,,,,,,,,,1,65,n<10,n<10,n<10,n<10,10,n<10,n<10,52,13,n<10,n<10
American Fork High,704,2,10,12,Alpine District,1,4900030,620,153,n<10,11,n<10,75,n<10,26,562,48,78,12,3,215,56,n<10,n<10,n<10,30,n<10,10,179,15,27,n<10,2,90,12,n<10,n<10,n<10,n<10,n<10,n<10,81,n<10,n<10,n<10,12,315,85,n<10,n<10,n<10,39,n<10,15,302,27,44,n<10
American Fork Jr High,404,3,9,9,Alpine District,1,4900030,142,50,n<10,n<10,n<10,17,n<10,n<10,128,10,12,n<10,1,40,10,n<10,n<10,n<10,n<10,n<10,n<10,35,n<10,n<10,n<10,,,,,,,,,,,,,,2,102,40,n<10,n<10,n<10,13,n<10,n<10,93,n<10,n<10,n<10
American Leadership Academy,100,1056,9,12,American Leadership Academy,8B,4900033,74,16,n<10,n<10,n<10,20,n<10,n<10,50,11,12,n<10,1,35,n<10,n<10,n<10,n<10,10,n<10,n<10,23,n<10,n<10,n<10,,,,,,,,,,,,,,1,39,n<10,n<10,n<10,n<10,10,n<10,n<10,27,n<10,n<10,n<10
American Preparatory Academy - Draper #3,700,1471,9,12,American Preparatory Academy,74,4900005,46,23,n<10,n<10,n<10,16,n<10,n<10,23,n<10,15,n<10,1,46,23,n<10,n<10,n<10,16,n<10,n<10,23,n<10,15,n<10,,,,,,,,,,,,,,,,,,,,,,,,,,
Ascent Academies of Utah Farmington,300,1453,9,9,Ascent Academies of Utah,2J,4900174,28,13,n<10,n<10,n<10,n<10,n<10,n<10,19,n<10,n<10,n<10,1,22,11,n<10,n<10,n<10,n<10,n<10,n<10,15,n<10,n<10,n<10,,,,,,,,,,,,,,1,n<10,n<10,n<10,n<10,n<10,n<10,n<10,n<10,n<10,n<10,n<10,n<10
Ascent Academies of Utah Lehi,320,1490,9,9,Ascent Academies of Utah,2J,4900174,28,13,n<10,n<10,n<10,n<10,n<10,n<10,23,n<10,n<10,n<10,,,,,,,,,,,,,,,,,,,,,,,,,,,1,28,13,n<10,n<10,n<10,n<10,n<10,n<10,23,n<10,n<10,n<10
Athenian eAcademy,300,1473,9,12,Athenian eAcademy,4K,4900181,14,n<10,n<10,n<10,n<10,n<10,n<10,n<10,12,n<10,n<10,n<10,1,n<10,n<10,n<10,n<10,n<10,n<10,n<10,n<10,n<10,n<10,n<10,n<10,,,,,,,,,,,,,,1,n<10,n<10,n<10,n<10,n<10,n<10,n<10,n<10,n<10,n<10,n<10,n<10
Athlos Academy of Utah,300,1503,9,9,Athlos Academy of Utah,1L,4900189,20,n<10,n<10,n<10,n<10,n<10,n<10,n<10,14,n<10,n<10,n<10,1,10,n<10,n<10,n<10,n<10,n<10,n<10,n<10,n<10,n<10,n<10,n<10,,,,,,,,,,,,,,1,10,n<10,n<10,n<10,n<10,n<10,n<10,n<10,n<10,n<10,n<10,n<10
Basin Online School,800,1618,9,11,Duchesne District,8,4900240,n<10,n<10,n<10,n<10,n<10,n<10,n<10,n<10,n<10,n<10,n<10,n<10,,,,,,,,,,,,,,,,,,,,,,,,,,,1,n<10,n<10,n<10,n<10,n<10,n<10,n<10,n<10,n<10,n<10,n<10,n<10
Bear River High,704,43,10,12,Box Elder District,3,4900090,264,61,n<10,n<10,n<10,32,n<10,n<10,236,24,47,11,2,177,40,n<10,n<10,n<10,25,n<10,n<10,160,15,32,10,1,n<10,n<10,n<10,n<10,n<10,n<10,n<10,n<10,n<10,n<10,n<10,n<10,4,83,21,n<10,n<10,n<10,n<10,n<10,n<10,73,n<10,14,n<10
Bear River Middle,404,44,9,9,Box Elder District,3,4900090,146,46,n<10,n<10,n<10,12,n<10,n<10,126,15,39,n<10,1,79,21,n<10,n<10,n<10,n<10,n<10,n<10,70,n<10,23,n<10,,,,,,,,,,,,,,1,67,25,n<10,n<10,n<10,n<10,n<10,n<10,56,n<10,16,n<10
Beaver High,704,36,9,12,Beaver District,2,4900060,16,n<10,n<10,n<10,n<10,n<10,n<10,n<10,12,n<10,n<10,n<10,,,,,,,,,,,,,,,,,,,,,,,,,,,1,16,n<10,n<10,n<10,n<10,n<10,n<10,n<10,12,n<10,n<10,n<10
Beehive Science & Technology Academy,700,1060,9,12,Beehive Science & Technology Academy,3B,4900023,109,29,n<10,30,n<10,n<10,n<10,n<10,77,14,25,n<10,3,88,27,n<10,28,n<10,n<10,n<10,n<10,57,12,19,n<10,,,,,,,,,,,,,,2,21,n<10,n<10,n<10,n<10,n<10,n<10,n<10,20,n<10,n<10,n<10
Ben Lomond High,703,1281,10,12,Ogden City District,37,4900720,380,99,n<10,n<10,n<10,267,n<10,n<10,160,55,312,75,2,114,35,n<10,n<10,n<10,64,n<10,n<10,45,12,76,19,1,n<10,n<10,n<10,n<10,n<10,n<10,n<10,n<10,n<10,n<10,n<10,n<10,4,260,64,n<10,n<10,n<10,199,n<10,n<10,113,43,231,54
Bingham High,704,289,10,12,Jordan District,14,4900420,431,112,n<10,23,n<10,52,12,20,330,36,43,18,2,180,49,n<10,n<10,n<10,21,n<10,n<10,140,n<10,17,n<10,1,49,n<10,n<10,n<10,n<10,n<10,n<10,n<10,35,n<10,n<10,n<10,2,202,57,n<10,11,n<10,25,n<10,n<10,155,25,24,11
Blue Peak High,740,698,10,12,Tooele District,30,4901050,47,24,n<10,n<10,n<10,11,n<10,n<10,32,10,20,n<10,2,32,17,n<10,n<10,n<10,n<10,n<10,n<10,24,n<10,11,n<10,,,,,,,,,,,,,,1,15,n<10,n<10,n<10,n<10,n<10,n<10,n<10,n<10,n<10,n<10,n<10
Bonneville High,701,613,10,12,Weber District,35,4901200,292,96,n<10,n<10,n<10,59,n<10,n<10,223,29,101,18,3,224,88,n<10,n<10,n<10,48,n<10,n<10,169,26,84,14,2,12,n<10,n<10,n<10,n<10,n<10,n<10,n<10,10,n<10,n<10,n<10,1,56,n<10,n<10,n<10,n<10,n<10,n<10,n<10,44,n<10,14,n<10
Bountiful High,704,105,10,12,Davis District,7,4900210,409,149,n<10,n<10,n<10,54,n<10,n<10,358,54,66,15,4,339,124,n<10,n<10,n<10,47,n<10,n<10,293,50,56,14,,,,,,,,,,,,,,2,70,25,n<10,n<10,n<10,n<10,n<10,n<10,65,n<10,10,n<10
Bountiful Jr High,404,106,9,9,Davis District,7,4900210,160,77,n<10,n<10,n<10,17,n<10,n<10,133,10,25,n<10,1,152,76,n<10,n<10,n<10,15,n<10,n<10,127,n<10,22,n<10,,,,,,,,,,,,,,1,n<10,n<10,n<10,n<10,n<10,n<10,n<10,n<10,n<10,n<10,n<10,n<10
Box Elder High,708,46,10,12,Box Elder District,3,4900090,226,68,n<10,n<10,n<10,22,n<10,n<10,218,n<10,38,n<10,2,88,18,n<10,n<10,n<10,13,n<10,n<10,78,n<10,15,n<10,2,11,n<10,n<10,n<10,n<10,n<10,n<10,n<10,13,n<10,n<10,n<10,5,127,47,n<10,n<10,n<10,n<10,n<10,n<10,127,n<10,22,n<10
Box Elder Middle,408,47,9,9,Box Elder District,3,4900090,241,93,n<10,n<10,n<10,25,n<10,n<10,206,19,56,n<10,1,213,76,n<10,n<10,n<10,20,n<10,n<10,186,17,48,n<10,,,,,,,,,,,,,,1,28,17,n<10,n<10,n<10,n<10,n<10,n<10,20,n<10,n<10,n<10
Brighton High,705,291,9,12,Canyons District,42,4900142,298,75,n<10,n<10,n<10,30,n<10,21,244,34,45,10,2,140,28,n<10,n<10,n<10,14,n<10,n<10,115,12,20,n<10,1,n<10,n<10,n<10,n<10,n<10,n<10,n<10,n<10,n<10,n<10,n<10,n<10,2,153,46,n<10,n<10,n<10,15,n<10,15,126,22,24,n<10
Bryce Valley High,704,184,9,12,Garfield District,10,4900300,33,16,n<10,n<10,n<10,n<10,n<10,n<10,26,n<10,n<10,n<10,,,,,,,,,,,,,,,,,,,,,,,,,,,1,33,16,n<10,n<10,n<10,n<10,n<10,n<10,26,n<10,n<10,n<10
Canyon View High,712,473,9,12,Iron District,13,4900390,124,39,n<10,n<10,n<10,15,n<10,n<10,106,23,35,n<10,1,89,30,n<10,n<10,n<10,n<10,n<10,n<10,76,18,25,n<10,,,,,,,,,,,,,,2,35,n<10,n<10,n<10,n<10,n<10,n<10,n<10,30,n<10,10,n<10
Canyon View Jr High,405,819,9,9,Alpine District,1,4900030,69,17,n<10,n<10,n<10,13,n<10,n<10,47,n<10,23,n<10,,,,,,,,,,,,,,,,,,,,,,,,,,,1,69,17,n<10,n<10,n<10,13,n<10,n<10,47,n<10,23,n<10
Carbon High,704,89,9,12,Carbon District,5,4900150,280,94,n<10,n<10,n<10,49,n<10,n<10,233,28,90,n<10,2,193,75,n<10,n<10,n<10,29,n<10,n<10,158,20,56,n<10,,,,,,,,,,,,,,5,87,19,n<10,n<10,n<10,20,n<10,n<10,75,n<10,34,n<10
Cedar City High,704,278,9,12,Iron District,13,4900390,120,34,n<10,n<10,n<10,21,n<10,n<10,84,13,47,n<10,1,65,12,n<10,n<10,n<10,10,n<10,n<10,47,n<10,22,n<10,,,,,,,,,,,,,,1,55,22,n<10,n<10,n<10,11,n<10,n<10,37,n<10,25,n<10
Cedar Valley High,721,1538,9,12,Alpine District,1,4900030,717,211,n<10,n<10,n<10,120,n<10,45,667,77,178,12,2,290,87,n<10,n<10,n<10,40,n<10,19,226,28,63,n<10,6,57,11,n<10,n<10,n<10,13,n<10,n<10,72,n<10,n<10,n<10,13,370,113,n<10,n<10,n<10,67,n<10,21,369,46,107,n<10
Centennial Jr High,426,1403,9,9,Davis District,7,4900210,99,22,n<10,n<10,n<10,n<10,n<10,n<10,88,n<10,n<10,n<10,1,69,18,n<10,n<10,n<10,n<10,n<10,n<10,60,n<10,n<10,n<10,,,,,,,,,,,,,,1,30,n<10,n<10,n<10,n<10,n<10,n<10,n<10,28,n<10,n<10,n<10
Centerville Jr High,406,109,9,9,Davis District,7,4900210,118,37,n<10,n<10,n<10,10,n<10,n<10,97,10,16,n<10,1,72,23,n<10,n<10,n<10,n<10,n<10,n<10,61,n<10,10,n<10,,,,,,,,,,,,,,1,46,14,n<10,n<10,n<10,n<10,n<10,n<10,36,n<10,n<10,n<10
Central Davis Jr High,408,111,9,9,Davis District,7,4900210,169,78,n<10,n<10,n<10,30,n<10,n<10,124,25,50,n<10,1,154,76,n<10,n<10,n<10,26,n<10,n<10,114,23,47,n<10,,,,,,,,,,,,,,1,15,n<10,n<10,n<10,n<10,n<10,n<10,n<10,10,n<10,n<10,n<10
City Academy,700,742,9,12,City Academy,87,4900009,42,16,n<10,n<10,n<10,16,n<10,n<10,32,17,17,n<10,2,30,15,n<10,n<10,n<10,11,n<10,n<10,24,n<10,13,n<10,,,,,,,,,,,,,,2,12,n<10,n<10,n<10,n<10,n<10,n<10,n<10,n<10,n<10,n<10,n<10
Clearfield High,706,112,10,12,Davis District,7,4900210,601,219,n<10,n<10,23,93,n<10,11,516,93,157,26,3,401,167,n<10,n<10,20,62,n<10,n<10,343,71,104,19,,,,,,,,,,,,,,3,200,52,n<10,n<10,n<10,31,n<10,n<10,173,22,53,n<10
Copper Hills High,703,346,10,12,Jordan District,14,4900420,507,162,n<10,11,n<10,122,n<10,22,358,62,91,34,3,275,99,n<10,n<10,n<10,59,n<10,13,201,31,46,17,,,,,,,,,,,,,,3,232,63,n<10,n<10,n<10,63,n<10,n<10,157,31,45,17
Corner Canyon High,711,1428,9,12,Canyons District,42,4900142,524,154,n<10,24,11,72,n<10,23,413,38,93,30,2,322,100,n<10,12,n<10,38,n<10,14,258,25,51,18,2,35,12,n<10,n<10,n<10,n<10,n<10,n<10,26,n<10,n<10,n<10,3,167,42,n<10,n<10,n<10,31,n<10,n<10,129,12,37,11
Cottonwood High,702,207,9,12,Granite District,12,4900360,202,70,n<10,17,12,68,n<10,n<10,95,32,119,47,1,202,70,n<10,17,12,68,n<10,n<10,95,32,119,47,,,,,,,,,,,,,,,,,,,,,,,,,,
Crimson Cliffs High,705,1559,10,12,Washington District,33,4901140,236,42,n<10,n<10,n<10,17,n<10,n<10,235,24,28,n<10,3,112,26,n<10,n<10,n<10,10,n<10,n<10,107,12,17,n<10,1,27,n<10,n<10,n<10,n<10,n<10,n<10,n<10,24,n<10,n<10,n<10,5,97,14,n<10,n<10,n<10,n<10,n<10,n<10,104,10,10,n<10
Cyprus High,704,210,9,12,Granite District,12,4900360,540,258,n<10,11,14,254,14,n<10,248,40,277,129,2,540,258,n<10,11,14,254,14,n<10,248,40,277,129,,,,,,,,,,,,,,,,,,,,,,,,,,
Davinci Academy,700,995,9,12,Davinci Academy,A3,4900065,99,36,n<10,n<10,n<10,27,n<10,n<10,71,10,44,n<10,1,67,28,n<10,n<10,n<10,21,n<10,n<10,45,n<10,30,n<10,,,,,,,,,,,,,,3,32,n<10,n<10,n<10,n<10,n<10,n<10,n<10,26,n<10,14,n<10
Davis Connect 7-12,835,1598,9,12,Davis District,7,4900210,97,41,n<10,n<10,n<10,17,n<10,n<10,69,15,34,n<10,1,97,41,n<10,n<10,n<10,17,n<10,n<10,69,15,34,n<10,,,,,,,,,,,,,,,,,,,,,,,,,,
Davis High,708,115,10,12,Davis District,7,4900210,176,22,n<10,n<10,n<10,n<10,n<10,n<10,169,21,18,n<10,1,63,n<10,n<10,n<10,n<10,n<10,n<10,n<10,57,n<10,n<10,n<10,,,,,,,,,,,,,,2,113,18,n<10,n<10,n<10,n<10,n<10,n<10,112,12,13,n<10
Delta High,704,356,9,12,Millard District,17,4900540,34,15,n<10,n<10,n<10,10,n<10,n<10,34,10,19,n<10,,,,,,,,,,,,,,,,,,,,,,,,,,,3,34,15,n<10,n<10,n<10,10,n<10,n<10,34,10,19,n<10
Desert Hills High,703,1290,10,12,Washington District,33,4901140,221,46,n<10,n<10,n<10,26,n<10,n<10,215,21,42,n<10,2,98,29,n<10,n<10,n<10,12,n<10,n<10,81,n<10,20,n<10,1,29,n<10,n<10,n<10,n<10,n<10,n<10,n<10,25,n<10,n<10,n<10,6,94,15,n<10,n<10,n<10,11,n<10,n<10,109,11,17,n<10
Desert Hills Middle,403,1226,9,9,Washington District,33,4901140,35,n<10,n<10,n<10,n<10,n<10,n<10,n<10,30,n<10,n<10,n<10,,,,,,,,,,,,,,,,,,,,,,,,,,,1,35,n<10,n<10,n<10,n<10,n<10,n<10,n<10,30,n<10,n<10,n<10
Diamond Ridge High School,750,1504,9,12,Canyons District,42,4900142,31,18,n<10,n<10,n<10,10,n<10,n<10,17,n<10,20,n<10,1,31,18,n<10,n<10,n<10,10,n<10,n<10,17,n<10,20,n<10,,,,,,,,,,,,,,,,,,,,,,,,,,
Dixie High,704,597,10,12,Washington District,33,4901140,180,49,n<10,n<10,n<10,44,n<10,n<10,134,20,55,11,2,110,33,n<10,n<10,n<10,29,n<10,n<10,73,n<10,37,n<10,,,,,,,,,,,,,,4,70,16,n<10,n<10,n<10,15,n<10,n<10,61,11,18,n<10
Dixie Middle,404,805,9,9,Washington District,33,4901140,31,n<10,n<10,n<10,n<10,n<10,n<10,n<10,21,10,13,n<10,,,,,,,,,,,,,,,,,,,,,,,,,,,1,31,n<10,n<10,n<10,n<10,n<10,n<10,n<10,21,10,13,n<10
Duchesne High,708,162,9,12,Duchesne District,8,4900240,13,n<10,n<10,n<10,n<10,n<10,n<10,n<10,14,n<10,10,n<10,2,13,n<10,n<10,n<10,n<10,n<10,n<10,n<10,14,n<10,10,n<10,,,,,,,,,,,,,,,,,,,,,,,,,,
Early Light Academy at Daybreak,300,1268,9,9,Early Light Academy at Daybreak,6F,4900140,n<10,n<10,n<10,n<10,n<10,n<10,n<10,n<10,n<10,n<10,n<10,n<10,1,n<10,n<10,n<10,n<10,n<10,n<10,n<10,n<10,n<10,n<10,n<10,n<10,,,,,,,,,,,,,,,,,,,,,,,,,,
East High,704,486,9,12,Salt Lake District,36,4900870,375,139,n<10,21,21,161,23,11,135,43,160,59,1,306,127,n<10,17,16,138,21,n<10,100,37,133,52,,,,,,,,,,,,,,3,69,12,n<10,n<10,n<10,23,n<10,n<10,35,n<10,27,n<10
Elk Ridge Middle,413,195,9,9,Jordan District,14,4900420,27,n<10,n<10,n<10,n<10,n<10,n<10,n<10,15,n<10,n<10,n<10,1,20,n<10,n<10,n<10,n<10,n<10,n<10,n<10,11,n<10,n<10,n<10,,,,,,,,,,,,,,1,n<10,n<10,n<10,n<10,n<10,n<10,n<10,n<10,n<10,n<10,n<10,n<10
Emery High,706,178,9,12,Emery District,9,4900270,233,94,n<10,n<10,n<10,19,n<10,n<10,275,45,131,n<10,3,51,20,n<10,n<10,n<10,n<10,n<10,n<10,47,n<10,27,n<10,,,,,,,,,,,,,,5,182,74,n<10,n<10,n<10,14,n<10,n<10,228,39,104,n<10
Enterprise High,712,599,9,12,Washington District,33,4901140,111,53,n<10,n<10,n<10,23,n<10,n<10,83,19,30,11,1,86,43,n<10,n<10,n<10,19,n<10,n<10,64,14,23,10,,,,,,,,,,,,,,1,25,10,n<10,n<10,n<10,n<10,n<10,n<10,19,n<10,n<10,n<10
Escalante High,708,186,9,12,Garfield District,10,4900300,30,13,n<10,n<10,n<10,n<10,n<10,n<10,30,n<10,10,n<10,1,28,11,n<10,n<10,n<10,n<10,n<10,n<10,28,n<10,n<10,n<10,,,,,,,,,,,,,,1,n<10,n<10,n<10,n<10,n<10,n<10,n<10,n<10,n<10,n<10,n<10,n<10
Eskdale High,712,746,11,11,Millard District,17,4900540,n<10,n<10,n<10,n<10,n<10,n<10,n<10,n<10,n<10,n<10,n<10,n<10,,,,,,,,,,,,,,,,,,,,,,,,,,,1,n<10,n<10,n<10,n<10,n<10,n<10,n<10,n<10,n<10,n<10,n<10,n<10
Fairfield Jr High,402,169,9,9,Davis District,7,4900210,70,21,n<10,n<10,n<10,n<10,n<10,n<10,60,n<10,11,n<10,1,70,21,n<10,n<10,n<10,n<10,n<10,n<10,60,n<10,11,n<10,,,,,,,,,,,,,,,,,,,,,,,,,,
Farmington High,709,1537,10,12,Davis District,7,4900210,458,140,n<10,n<10,n<10,35,n<10,n<10,512,37,39,10,5,326,127,n<10,n<10,n<10,29,n<10,n<10,314,20,26,n<10,,,,,,,,,,,,,,5,132,13,n<10,n<10,n<10,n<10,n<10,n<10,198,17,13,n<10
Farmington Jr High,409,749,9,9,Davis District,7,4900210,139,57,n<10,n<10,n<10,n<10,n<10,n<10,127,n<10,n<10,n<10,1,139,57,n<10,n<10,n<10,n<10,n<10,n<10,127,n<10,n<10,n<10,,,,,,,,,,,,,,,,,,,,,,,,,,
Fast Forward High,700,906,11,12,Fast Forward High,98,4900019,n<10,n<10,n<10,n<10,n<10,n<10,n<10,n<10,n<10,n<10,n<10,n<10,,,,,,,,,,,,,,,,,,,,,,,,,,,2,n<10,n<10,n<10,n<10,n<10,n<10,n<10,n<10,n<10,n<10,n<10,n<10
Fort Herriman Middle,417,1075,9,9,Jordan District,14,4900420,131,49,n<10,n<10,n<10,n<10,n<10,n<10,114,n<10,n<10,n<10,1,131,49,n<10,n<10,n<10,n<10,n<10,n<10,114,n<10,n<10,n<10,,,,,,,,,,,,,,,,,,,,,,,,,,
Freedom Preparatory Academy,100,992,9,12,Freedom Preparatory Academy,82,4900062,141,73,n<10,n<10,n<10,61,n<10,n<10,78,24,54,26,2,112,66,n<10,n<10,n<10,53,n<10,n<10,51,18,45,24,2,13,n<10,n<10,n<10,n<10,n<10,n<10,n<10,n<10,n<10,n<10,n<10,4,16,n<10,n<10,n<10,n<10,n<10,n<10,n<10,19,n<10,n<10,n<10
Fremont High,706,221,10,12,Weber District,35,4901200,203,45,n<10,n<10,n<10,10,n<10,n<10,187,n<10,29,n<10,3,90,21,n<10,n<10,n<10,n<10,n<10,n<10,83,n<10,n<10,n<10,2,22,n<10,n<10,n<10,n<10,n<10,n<10,n<10,20,n<10,n<10,n<10,4,91,22,n<10,n<10,n<10,n<10,n<10,n<10,84,n<10,17,n<10
George Washington High,729,1265,10,12,Ogden City District,37,4900720,14,n<10,n<10,n<10,n<10,n<10,n<10,n<10,n<10,n<10,10,n<10,1,14,n<10,n<10,n<10,n<10,n<10,n<10,n<10,n<10,n<10,10,n<10,,,,,,,,,,,,,,,,,,,,,,,,,,
Grand County High,704,191,9,12,Grand District,11,4900330,52,n<10,n<10,n<10,n<10,14,n<10,n<10,37,n<10,18,n<10,,,,,,,,,,,,,,,,,,,,,,,,,,,4,52,n<10,n<10,n<10,n<10,14,n<10,n<10,37,n<10,18,n<10
Granger High,708,218,9,12,Granite District,12,4900360,449,111,n<10,31,18,263,29,n<10,108,48,285,130,2,176,62,n<10,12,n<10,115,11,n<10,30,14,113,56,,,,,,,,,,,,,,4,273,49,n<10,19,16,148,18,n<10,78,34,172,74
Granite Technical Institute,775,1119,12,12,Granite District,12,4900360,n<10,n<10,n<10,n<10,n<10,n<10,n<10,n<10,n<10,n<10,n<10,n<10,,,,,,,,,,,,,,,,,,,,,,,,,,,1,n<10,n<10,n<10,n<10,n<10,n<10,n<10,n<10,n<10,n<10,n<10,n<10
Grantsville High,708,566,9,12,Tooele District,30,4901050,261,95,n<10,n<10,n<10,23,n<10,n<10,228,35,43,n<10,2,208,83,n<10,n<10,n<10,18,n<10,n<10,183,28,35,n<10,,,,,,,,,,,,,,1,53,12,n<10,n<10,n<10,n<10,n<10,n<10,45,n<10,n<10,n<10
Green Canyon High School,703,1512,9,12,Cache District,4,4900120,449,131,n<10,18,n<10,64,n<10,15,373,44,131,23,2,143,34,n<10,n<10,n<10,24,n<10,n<10,108,27,43,n<10,2,46,10,n<10,n<10,n<10,n<10,n<10,n<10,40,n<10,12,n<10,4,260,87,n<10,n<10,n<10,35,n<10,11,225,16,76,12
Green River High,704,179,9,11,Emery District,9,4900270,25,10,n<10,n<10,n<10,12,n<10,n<10,12,n<10,19,n<10,1,18,10,n<10,n<10,n<10,11,n<10,n<10,n<10,n<10,14,n<10,,,,,,,,,,,,,,1,n<10,n<10,n<10,n<10,n<10,n<10,n<10,n<10,n<10,n<10,n<10,n<10
Gunnison Valley High,704,550,9,12,South Sanpete District,27,4900960,26,n<10,n<10,n<10,n<10,n<10,n<10,n<10,16,n<10,16,n<10,1,26,n<10,n<10,n<10,n<10,n<10,n<10,n<10,16,n<10,16,n<10,,,,,,,,,,,,,,,,,,,,,,,,,,
Hawthorn Academy West Jordan,100,1298,9,9,Hawthorn Academy,8F,4900137,70,25,n<10,n<10,n<10,10,n<10,n<10,54,13,13,n<10,1,70,25,n<10,n<10,n<10,10,n<10,n<10,54,13,13,n<10,,,,,,,,,,,,,,,,,,,,,,,,,,
Herriman High,707,1338,10,12,Jordan District,14,4900420,386,93,n<10,20,n<10,52,n<10,14,322,36,37,15,4,189,51,n<10,n<10,n<10,31,n<10,n<10,158,18,14,n<10,3,77,14,n<10,n<10,n<10,n<10,n<10,n<10,67,n<10,n<10,n<10,2,120,28,n<10,n<10,n<10,16,n<10,n<10,97,11,19,n<10
Hidden Valley Middle,421,1541,9,9,Jordan District,14,4900420,26,n<10,n<10,n<10,n<10,n<10,n<10,n<10,15,n<10,n<10,n<10,1,26,n<10,n<10,n<10,n<10,n<10,n<10,n<10,15,n<10,n<10,n<10,,,,,,,,,,,,,,,,,,,,,,,,,,
Highland High,708,496,9,12,Salt Lake District,36,4900870,347,128,11,13,15,83,16,19,190,31,130,28,1,281,100,10,12,14,74,13,14,144,29,118,27,,,,,,,,,,,,,,1,66,28,n<10,n<10,n<10,n<10,n<10,n<10,46,n<10,12,n<10
Highland Junior High,409,1294,9,9,Ogden City District,37,4900720,273,125,n<10,n<10,n<10,177,n<10,n<10,77,30,271,59,1,258,121,n<10,n<10,n<10,169,n<10,n<10,71,27,256,57,,,,,,,,,,,,,,1,15,n<10,n<10,n<10,n<10,n<10,n<10,n<10,n<10,n<10,15,n<10
Hillcrest High,706,305,9,12,Canyons District,42,4900142,671,233,n<10,81,21,167,11,35,361,82,286,92,2,471,193,n<10,59,20,121,n<10,24,241,62,207,64,1,20,n<10,n<10,n<10,n<10,n<10,n<10,n<10,10,n<10,n<10,n<10,2,180,38,n<10,15,n<10,44,n<10,10,110,20,75,28
Hillcrest Jr High,404,369,9,9,Murray District,40,4900600,277,132,n<10,n<10,13,81,n<10,11,162,50,106,38,1,277,132,n<10,n<10,13,81,n<10,11,162,50,106,38,,,,,,,,,,,,,,,,,,,,,,,,,,
Horizonte Instruction & Training Center,750,732,9,12,Salt Lake District,36,4900870,61,25,n<10,n<10,n<10,34,12,n<10,n<10,n<10,41,n<10,1,61,25,n<10,n<10,n<10,34,12,n<10,n<10,n<10,41,n<10,,,,,,,,,,,,,,,,,,,,,,,,,,
Hunter High,710,898,9,12,Granite District,12,4900360,504,122,n<10,37,18,248,20,n<10,187,69,269,104,3,258,89,n<10,19,n<10,130,10,n<10,89,27,132,51,,,,,,,,,,,,,,3,246,33,n<10,18,n<10,118,10,n<10,98,42,137,53
Hurricane High,716,601,10,12,Washington District,33,4901140,195,49,n<10,n<10,n<10,32,n<10,n<10,181,27,56,10,1,65,14,n<10,n<10,n<10,n<10,n<10,n<10,55,n<10,20,n<10,1,45,12,n<10,n<10,n<10,n<10,n<10,n<10,38,n<10,n<10,n<10,4,85,23,n<10,n<10,n<10,19,n<10,n<10,88,13,27,n<10
Independence High,730,836,9,12,Provo District,38,4900810,79,28,n<10,n<10,n<10,39,n<10,n<10,31,22,79,15,1,79,28,n<10,n<10,n<10,39,n<10,n<10,31,22,79,15,,,,,,,,,,,,,,,,,,,,,,,,,,
Innovations High School,748,1422,9,12,Salt Lake District,36,4900870,77,34,n<10,n<10,n<10,40,n<10,n<10,28,n<10,30,18,1,77,34,n<10,n<10,n<10,40,n<10,n<10,28,n<10,30,18,,,,,,,,,,,,,,,,,,,,,,,,,,
Intech Collegiate Academy,600,1129,9,12,Intech Collegiate Academy,2C,4900039,63,17,n<10,n<10,n<10,n<10,n<10,n<10,80,n<10,22,n<10,1,13,n<10,n<10,n<10,n<10,n<10,n<10,n<10,11,n<10,n<10,n<10,2,14,n<10,n<10,n<10,n<10,n<10,n<10,n<10,12,n<10,n<10,n<10,5,36,11,n<10,n<10,n<10,n<10,n<10,n<10,57,n<10,14,n<10
Itineris Early College High,700,997,10,12,Itineris Early College High,A5,4900067,98,33,n<10,n<10,n<10,21,n<10,n<10,61,n<10,n<10,n<10,2,74,29,n<10,n<10,n<10,17,n<10,n<10,43,n<10,n<10,n<10,1,24,n<10,n<10,n<10,n<10,n<10,n<10,n<10,18,n<10,n<10,n<10,,,,,,,,,,,,,
Jean Massieu School for the Deaf,421,1377,9,12,Utah Schools for Deaf & Blind,41,4900069,n<10,n<10,n<10,n<10,n<10,n<10,n<10,n<10,n<10,n<10,n<10,n<10,1,n<10,n<10,n<10,n<10,n<10,n<10,n<10,n<10,n<10,n<10,n<10,n<10,,,,,,,,,,,,,,,,,,,,,,,,,,
Joel P. Jensen Middle,406,816,9,9,Jordan District,14,4900420,94,44,n<10,n<10,n<10,38,n<10,n<10,46,16,41,25,1,94,44,n<10,n<10,n<10,38,n<10,n<10,46,16,41,25,,,,,,,,,,,,,,,,,,,,,,,,,,
Jordan High,708,307,9,12,Canyons District,42,4900142,123,38,n<10,n<10,n<10,22,n<10,n<10,86,10,40,n<10,3,111,37,n<10,n<10,n<10,22,n<10,n<10,75,n<10,39,n<10,1,11,n<10,n<10,n<10,n<10,n<10,n<10,n<10,10,n<10,n<10,n<10,1,n<10,n<10,n<10,n<10,n<10,n<10,n<10,n<10,n<10,n<10,n<10,n<10
Juab High,704,334,9,12,Juab District,15,4900450,242,55,n<10,n<10,n<10,31,n<10,n<10,236,31,93,n<10,2,124,38,n<10,n<10,n<10,15,n<10,n<10,113,18,44,n<10,,,,,,,,,,,,,,3,118,17,n<10,n<10,n<10,16,n<10,n<10,123,13,49,n<10
Kanab High,704,339,9,12,Kane District,16,4900480,11,n<10,n<10,n<10,n<10,n<10,n<10,n<10,10,n<10,n<10,n<10,,,,,,,,,,,,,,,,,,,,,,,,,,,1,11,n<10,n<10,n<10,n<10,n<10,n<10,n<10,10,n<10,n<10,n<10
Karl G. Maeser Preparatory Academy,700,1175,9,12,Karl G. Maeser Preparatory Academy,2E,4900056,109,31,n<10,12,n<10,24,n<10,n<10,70,14,n<10,n<10,1,46,12,n<10,n<10,n<10,13,n<10,n<10,26,n<10,n<10,n<10,1,n<10,n<10,n<10,n<10,n<10,n<10,n<10,n<10,n<10,n<10,n<10,n<10,1,56,18,n<10,n<10,n<10,n<10,n<10,n<10,40,n<10,n<10,n<10
Kaysville Jr High,410,126,9,9,Davis District,7,4900210,221,96,n<10,n<10,n<10,13,n<10,n<10,199,18,25,n<10,1,160,79,n<10,n<10,n<10,n<10,n<10,n<10,148,n<10,17,n<10,,,,,,,,,,,,,,1,61,17,n<10,n<10,n<10,n<10,n<10,n<10,51,n<10,n<10,n<10
Kearns High,714,234,9,12,Granite District,12,4900360,519,255,n<10,17,10,257,23,n<10,198,65,294,123,2,519,255,n<10,17,10,257,23,n<10,198,65,294,123,,,,,,,,,,,,,,,,,,,,,,,,,,
Kings Peak High,790,1615,9,12,Jordan District,14,4900420,98,42,n<10,n<10,n<10,23,n<10,n<10,61,10,21,n<10,2,97,42,n<10,n<10,n<10,23,n<10,n<10,59,10,21,n<10,,,,,,,,,,,,,,2,n<10,n<10,n<10,n<10,n<10,n<10,n<10,n<10,n<10,n<10,n<10,n<10
Lake Mountain Middle,450,1575,9,9,Alpine District,1,4900030,202,51,n<10,n<10,n<10,22,n<10,14,185,29,22,n<10,1,58,16,n<10,n<10,n<10,n<10,n<10,n<10,50,n<10,n<10,n<10,,,,,,,,,,,,,,2,144,35,n<10,n<10,n<10,19,n<10,11,135,21,18,n<10
Lakeridge Jr High,406,16,9,9,Alpine District,1,4900030,149,55,n<10,n<10,n<10,36,n<10,n<10,101,11,51,20,,,,,,,,,,,,,,,,,,,,,,,,,,,1,149,55,n<10,n<10,n<10,36,n<10,n<10,101,11,51,20
Landmark High,720,387,10,12,Nebo District,19,4900630,42,17,n<10,n<10,n<10,n<10,n<10,n<10,28,13,18,n<10,1,42,17,n<10,n<10,n<10,n<10,n<10,n<10,28,13,18,n<10,,,,,,,,,,,,,,,,,,,,,,,,,,
Layton High,710,128,10,12,Davis District,7,4900210,359,125,n<10,n<10,n<10,50,n<10,10,315,26,68,n<10,4,233,90,n<10,n<10,n<10,38,n<10,n<10,205,18,53,n<10,1,10,n<10,n<10,n<10,n<10,n<10,n<10,n<10,n<10,n<10,n<10,n<10,2,116,33,n<10,n<10,n<10,11,n<10,n<10,101,n<10,14,n<10
Leadership Academy of Utah,700,1516,9,12,Leadership Academy of Utah,3L,4900196,25,n<10,n<10,n<10,n<10,n<10,n<10,n<10,23,n<10,n<10,n<10,1,13,n<10,n<10,n<10,n<10,n<10,n<10,n<10,11,n<10,n<10,n<10,1,n<10,n<10,n<10,n<10,n<10,n<10,n<10,n<10,n<10,n<10,n<10,n<10,2,n<10,n<10,n<10,n<10,n<10,n<10,n<10,n<10,n<10,n<10,n<10,n<10
Legacy Jr High,424,1275,9,9,Davis District,7,4900210,71,25,n<10,n<10,n<10,n<10,n<10,n<10,66,n<10,n<10,n<10,,,,,,,,,,,,,,,,,,,,,,,,,,,1,71,25,n<10,n<10,n<10,n<10,n<10,n<10,66,n<10,n<10,n<10
Lehi High,708,17,10,12,Alpine District,1,4900030,227,38,n<10,n<10,n<10,28,n<10,16,212,22,23,n<10,1,83,14,n<10,n<10,n<10,n<10,n<10,n<10,67,n<10,n<10,n<10,5,103,18,n<10,n<10,n<10,14,n<10,n<10,105,12,12,n<10,8,41,n<10,n<10,n<10,n<10,n<10,n<10,n<10,40,n<10,n<10,n<10
Lehi Jr High,408,18,9,9,Alpine District,1,4900030,130,27,n<10,n<10,n<10,11,n<10,n<10,122,n<10,21,n<10,2,101,24,n<10,n<10,n<10,n<10,n<10,n<10,96,n<10,17,n<10,,,,,,,,,,,,,,1,29,n<10,n<10,n<10,n<10,n<10,n<10,n<10,26,n<10,n<10,n<10
Lincoln Academy,100,1082,9,9,Lincoln Academy,2B,4900022,92,45,n<10,n<10,n<10,16,n<10,n<10,71,16,21,n<10,1,52,22,n<10,n<10,n<10,n<10,n<10,n<10,42,n<10,11,n<10,,,,,,,,,,,,,,1,40,23,n<10,n<10,n<10,n<10,n<10,n<10,29,n<10,10,n<10
Logan High,704,351,9,12,Logan City District,39,4900510,204,53,n<10,n<10,n<10,67,n<10,n<10,117,10,89,22,1,137,47,n<10,n<10,n<10,43,n<10,n<10,83,n<10,62,17,,,,,,,,,,,,,,1,67,n<10,n<10,n<10,n<10,24,n<10,n<10,34,n<10,27,n<10
Lone Peak High,709,445,10,12,Alpine District,1,4900030,461,111,n<10,15,n<10,48,n<10,21,541,27,34,n<10,3,138,27,n<10,n<10,n<10,11,n<10,n<10,117,n<10,n<10,n<10,4,140,40,n<10,n<10,n<10,19,n<10,n<10,215,n<10,10,n<10,5,183,44,n<10,n<10,n<10,18,n<10,n<10,209,20,16,n<10
Manila High,704,101,10,12,Daggett District,6,4900180,n<10,n<10,n<10,n<10,n<10,n<10,n<10,n<10,n<10,n<10,n<10,n<10,1,n<10,n<10,n<10,n<10,n<10,n<10,n<10,n<10,n<10,n<10,n<10,n<10,,,,,,,,,,,,,,,,,,,,,,,,,,
Manti High,708,553,9,12,South Sanpete District,27,4900960,73,16,n<10,n<10,n<10,n<10,n<10,n<10,65,13,36,n<10,2,55,12,n<10,n<10,n<10,n<10,n<10,n<10,49,10,25,n<10,1,n<10,n<10,n<10,n<10,n<10,n<10,n<10,n<10,n<10,n<10,n<10,n<10,1,14,n<10,n<10,n<10,n<10,n<10,n<10,n<10,13,n<10,10,n<10
Maple Mountain High,702,1159,10,12,Nebo District,19,4900630,169,50,n<10,n<10,n<10,27,n<10,10,160,11,19,n<10,3,84,26,n<10,n<10,n<10,13,n<10,n<10,74,n<10,10,n<10,2,27,n<10,n<10,n<10,n<10,n<10,n<10,n<10,25,n<10,n<10,n<10,2,58,19,n<10,n<10,n<10,n<10,n<10,n<10,61,n<10,n<10,n<10
Merit College Preparatory Academy,700,1220,9,12,Merit College Preparatory Academy,8E,4900131,153,72,n<10,n<10,n<10,48,n<10,n<10,105,34,34,13,3,125,63,n<10,n<10,n<10,41,n<10,n<10,81,28,30,11,1,n<10,n<10,n<10,n<10,n<10,n<10,n<10,n<10,n<10,n<10,n<10,n<10,3,25,n<10,n<10,n<10,n<10,n<10,n<10,n<10,23,n<10,n<10,n<10
Millard High,708,361,9,12,Millard District,17,4900540,86,32,n<10,n<10,n<10,27,n<10,n<10,76,14,44,n<10,1,37,12,n<10,n<10,n<10,n<10,n<10,n<10,25,n<10,13,n<10,1,n<10,n<10,n<10,n<10,n<10,n<10,n<10,n<10,n<10,n<10,n<10,n<10,3,47,20,n<10,n<10,n<10,17,n<10,n<10,50,n<10,30,n<10
Millcreek Jr High,411,133,9,9,Davis District,7,4900210,58,27,n<10,n<10,n<10,11,n<10,n<10,41,n<10,22,n<10,,,,,,,,,,,,,,,,,,,,,,,,,,,1,58,27,n<10,n<10,n<10,11,n<10,n<10,41,n<10,22,n<10
Monument Valley High,706,802,9,12,San Juan District,25,4900900,44,25,54,n<10,n<10,n<10,n<10,n<10,n<10,11,54,45,2,44,25,54,n<10,n<10,n<10,n<10,n<10,n<10,11,54,45,,,,,,,,,,,,,,,,,,,,,,,,,,
Morgan High,704,363,9,12,Morgan District,18,4900570,477,208,n<10,n<10,n<10,20,n<10,10,472,36,31,n<10,4,377,178,n<10,n<10,n<10,14,n<10,n<10,364,30,28,n<10,4,21,n<10,n<10,n<10,n<10,n<10,n<10,n<10,25,n<10,n<10,n<10,3,79,27,n<10,n<10,n<10,n<10,n<10,n<10,83,n<10,n<10,n<10
Morgan Online,705,1623,9,10,Morgan District,18,4900570,n<10,n<10,n<10,n<10,n<10,n<10,n<10,n<10,n<10,n<10,n<10,n<10,1,n<10,n<10,n<10,n<10,n<10,n<10,n<10,n<10,n<10,n<10,n<10,n<10,,,,,,,,,,,,,,,,,,,,,,,,,,
Mound Fort Junior High,411,1295,9,9,Ogden City District,37,4900720,146,76,n<10,n<10,n<10,88,n<10,n<10,60,18,123,29,1,46,22,n<10,n<10,n<10,29,n<10,n<10,16,n<10,34,12,,,,,,,,,,,,,,2,100,54,n<10,n<10,n<10,59,n<10,n<10,44,13,89,17
Mount Ogden Junior High,415,1288,9,9,Ogden City District,37,4900720,275,130,n<10,n<10,n<10,127,n<10,13,131,19,146,36,1,275,130,n<10,n<10,n<10,127,n<10,13,131,19,146,36,,,,,,,,,,,,,,,,,,,,,,,,,,
Mountain Creek Middle School,422,1540,9,9,Jordan District,14,4900420,68,13,n<10,n<10,n<10,11,n<10,n<10,50,n<10,n<10,n<10,1,68,13,n<10,n<10,n<10,11,n<10,n<10,50,n<10,n<10,n<10,,,,,,,,,,,,,,,,,,,,,,,,,,
Mountain Crest High,702,792,9,12,Cache District,4,4900120,296,76,n<10,n<10,n<10,32,n<10,n<10,267,42,101,n<10,3,162,44,n<10,n<10,n<10,14,n<10,n<10,145,22,60,n<10,1,16,n<10,n<10,n<10,n<10,n<10,n<10,n<10,16,n<10,n<10,n<10,3,118,30,n<10,n<10,n<10,18,n<10,n<10,106,16,36,n<10
Mountain Heights Academy,600,1285,9,12,Mountain Heights Academy,9F,4900138,517,210,n<10,n<10,10,58,n<10,29,429,95,70,n<10,2,330,155,n<10,n<10,n<10,40,n<10,17,273,67,52,n<10,1,19,n<10,n<10,n<10,n<10,n<10,n<10,n<10,18,n<10,n<10,n<10,2,168,53,n<10,n<10,n<10,17,n<10,12,138,26,18,n<10
Mountain High,730,823,11,12,Davis District,7,4900210,90,32,n<10,n<10,n<10,15,n<10,n<10,69,11,36,n<10,1,57,19,n<10,n<10,n<10,n<10,n<10,n<10,43,n<10,23,n<10,,,,,,,,,,,,,,2,33,13,n<10,n<10,n<10,n<10,n<10,n<10,26,n<10,13,n<10
Mountain Ridge High ,715,1525,10,12,Jordan District,14,4900420,374,153,n<10,n<10,n<10,38,n<10,11,314,18,25,11,3,279,125,n<10,n<10,n<10,25,n<10,10,238,14,14,n<10,,,,,,,,,,,,,,1,95,28,n<10,n<10,n<10,13,n<10,n<10,76,n<10,11,n<10
Mountain Ridge Jr High,410,74,9,9,Alpine District,1,4900030,224,80,n<10,n<10,n<10,14,n<10,n<10,211,13,16,n<10,1,122,48,n<10,n<10,n<10,n<10,n<10,n<10,105,n<10,n<10,n<10,,,,,,,,,,,,,,2,102,32,n<10,n<10,n<10,n<10,n<10,n<10,106,n<10,10,n<10
Mountain View High,711,706,10,12,Alpine District,1,4900030,330,114,n<10,n<10,n<10,139,n<10,n<10,225,44,136,67,3,180,70,n<10,n<10,n<10,83,n<10,n<10,113,22,81,36,,,,,,,,,,,,,,4,150,44,n<10,n<10,n<10,56,n<10,n<10,112,22,55,31
Mountainville Academy,100,1152,9,9,Mountainville Academy,8C,4900051,22,n<10,n<10,n<10,n<10,n<10,n<10,n<10,19,n<10,n<10,n<10,1,22,n<10,n<10,n<10,n<10,n<10,n<10,n<10,19,n<10,n<10,n<10,,,,,,,,,,,,,,,,,,,,,,,,,,
Mueller Park Jr High,413,750,9,9,Davis District,7,4900210,140,35,n<10,n<10,n<10,20,n<10,n<10,108,18,16,n<10,1,96,32,n<10,n<10,n<10,16,n<10,n<10,70,13,14,n<10,,,,,,,,,,,,,,1,44,n<10,n<10,n<10,n<10,n<10,n<10,n<10,38,n<10,n<10,n<10
Murray High,704,374,10,12,Murray District,40,4900600,305,85,n<10,n<10,n<10,71,n<10,16,218,31,70,19,2,193,63,n<10,n<10,n<10,51,n<10,11,123,23,47,15,3,35,n<10,n<10,n<10,n<10,n<10,n<10,n<10,33,n<10,n<10,n<10,2,77,15,n<10,n<10,n<10,13,n<10,n<10,62,n<10,18,n<10
Nebo Advanced Learning Center,747,1458,9,12,Nebo District,19,4900630,62,23,n<10,n<10,n<10,n<10,n<10,n<10,61,n<10,18,n<10,4,49,22,n<10,n<10,n<10,n<10,n<10,n<10,48,n<10,13,n<10,,,,,,,,,,,,,,5,13,n<10,n<10,n<10,n<10,n<10,n<10,n<10,13,n<10,n<10,n<10
No. UT. Acad. for Math Engineering & Science,700,993,10,12,No. UT. Acad. for Math Engineering & Science,A1,4900063,303,71,n<10,19,n<10,28,n<10,22,349,16,28,n<10,2,106,34,n<10,11,n<10,11,n<10,n<10,132,n<10,10,n<10,2,28,n<10,n<10,n<10,n<10,n<10,n<10,n<10,45,n<10,n<10,n<10,4,169,35,n<10,n<10,n<10,11,n<10,13,172,n<10,15,n<10
No. UT. Acad. of Math Engineering & Science Ogden,705,1528,10,12,No. UT. Acad. for Math Engineering & Science,A1,4900063,127,41,n<10,n<10,n<10,28,n<10,n<10,83,n<10,13,n<10,1,68,24,n<10,n<10,n<10,14,n<10,n<10,43,n<10,n<10,n<10,,,,,,,,,,,,,,2,59,17,n<10,n<10,n<10,14,n<10,n<10,40,n<10,n<10,n<10
North Davis Jr High,412,135,9,9,Davis District,7,4900210,329,158,n<10,n<10,n<10,95,n<10,10,208,49,176,37,2,329,158,n<10,n<10,n<10,95,n<10,10,208,49,176,37,,,,,,,,,,,,,,,,,,,,,,,,,,
North Layton Jr High,414,136,9,9,Davis District,7,4900210,181,86,n<10,n<10,n<10,44,n<10,n<10,122,16,61,13,2,181,86,n<10,n<10,n<10,44,n<10,n<10,122,16,61,13,,,,,,,,,,,,,,,,,,,,,,,,,,
North Ogden Jr High,402,625,9,9,Weber District,35,4901200,45,n<10,n<10,n<10,n<10,n<10,n<10,n<10,33,n<10,11,n<10,,,,,,,,,,,,,,,,,,,,,,,,,,,1,45,n<10,n<10,n<10,n<10,n<10,n<10,n<10,33,n<10,11,n<10
North Sanpete High,704,412,9,12,North Sanpete District,20,4900660,290,125,n<10,n<10,n<10,59,n<10,n<10,225,20,137,20,3,212,103,n<10,n<10,n<10,46,n<10,n<10,162,13,98,17,,,,,,,,,,,,,,1,78,22,n<10,n<10,n<10,13,n<10,n<10,63,n<10,39,n<10
North Sevier High,704,542,9,12,Sevier District,26,4900930,137,51,n<10,n<10,n<10,n<10,n<10,n<10,122,10,56,n<10,1,83,31,n<10,n<10,n<10,n<10,n<10,n<10,73,n<10,34,n<10,,,,,,,,,,,,,,1,54,20,n<10,n<10,n<10,n<10,n<10,n<10,49,n<10,22,n<10
North Star Academy,100,1089,9,9,North Star Academy,5B,4900025,65,30,n<10,n<10,n<10,n<10,n<10,n<10,54,n<10,n<10,n<10,1,59,30,n<10,n<10,n<10,n<10,n<10,n<10,50,n<10,n<10,n<10,,,,,,,,,,,,,,1,n<10,n<10,n<10,n<10,n<10,n<10,n<10,n<10,n<10,n<10,n<10,n<10
Northridge High,711,45,10,12,Davis District,7,4900210,364,100,n<10,n<10,n<10,50,n<10,18,348,24,91,16,3,121,36,n<10,n<10,n<10,19,n<10,n<10,138,n<10,33,n<10,,,,,,,,,,,,,,3,243,64,n<10,n<10,n<10,31,n<10,13,210,15,58,12
Oak Canyon Jr High,412,75,9,9,Alpine District,1,4900030,83,29,n<10,n<10,n<10,n<10,n<10,n<10,75,n<10,12,n<10,,,,,,,,,,,,,,,,,,,,,,,,,,,1,83,29,n<10,n<10,n<10,n<10,n<10,n<10,75,n<10,12,n<10
Ogden High,707,1271,10,12,Ogden City District,37,4900720,97,31,n<10,n<10,n<10,52,n<10,n<10,51,n<10,54,n<10,2,66,21,n<10,n<10,n<10,38,n<10,n<10,40,n<10,35,n<10,3,n<10,n<10,n<10,n<10,n<10,n<10,n<10,n<10,n<10,n<10,n<10,n<10,1,22,n<10,n<10,n<10,n<10,11,n<10,n<10,n<10,n<10,14,n<10
Ogden Preparatory Academy,100,989,9,9,Ogden Preparatory Academy,68,4900058,106,56,n<10,n<10,n<10,76,n<10,n<10,24,10,63,26,1,106,56,n<10,n<10,n<10,76,n<10,n<10,24,10,63,26,,,,,,,,,,,,,,,,,,,,,,,,,,
Olympus High,716,248,9,12,Granite District,12,4900360,397,153,n<10,16,12,46,n<10,n<10,310,25,82,22,2,319,127,n<10,12,10,38,n<10,n<10,247,22,69,19,,,,,,,,,,,,,,1,78,26,n<10,n<10,n<10,n<10,n<10,n<10,63,n<10,13,n<10
Oquirrh Hills Middle,409,720,9,9,Jordan District,14,4900420,142,47,n<10,n<10,n<10,16,n<10,10,114,21,28,n<10,1,142,47,n<10,n<10,n<10,16,n<10,10,114,21,28,n<10,,,,,,,,,,,,,,,,,,,,,,,,,,
Orem High,712,21,10,12,Alpine District,1,4900030,278,110,n<10,n<10,n<10,65,15,10,193,20,74,11,2,199,80,n<10,n<10,n<10,47,10,n<10,137,16,51,n<10,2,11,n<10,n<10,n<10,n<10,n<10,n<10,n<10,14,n<10,n<10,n<10,1,68,28,n<10,n<10,n<10,17,n<10,n<10,42,n<10,20,n<10
Orem Jr High,414,22,9,9,Alpine District,1,4900030,428,210,n<10,10,n<10,157,22,14,226,42,176,78,1,355,195,n<10,n<10,n<10,131,18,10,184,30,142,67,,,,,,,,,,,,,,2,73,15,n<10,n<10,n<10,26,n<10,n<10,42,12,34,11
Orion Jr High,405,967,9,9,Weber District,35,4901200,n<10,n<10,n<10,n<10,n<10,n<10,n<10,n<10,n<10,n<10,n<10,n<10,1,n<10,n<10,n<10,n<10,n<10,n<10,n<10,n<10,n<10,n<10,n<10,n<10,,,,,,,,,,,,,,,,,,,,,,,,,,
Panguitch High,712,188,10,12,Garfield District,10,4900300,69,32,n<10,n<10,n<10,n<10,n<10,n<10,73,n<10,11,n<10,3,48,20,n<10,n<10,n<10,n<10,n<10,n<10,43,n<10,n<10,n<10,,,,,,,,,,,,,,9,21,12,n<10,n<10,n<10,n<10,n<10,n<10,30,n<10,n<10,n<10
Paradigm High School,700,1153,9,12,Paradigm High School,9C,4900052,76,20,n<10,n<10,n<10,n<10,n<10,n<10,74,16,n<10,n<10,1,21,n<10,n<10,n<10,n<10,n<10,n<10,n<10,20,n<10,n<10,n<10,1,18,n<10,n<10,n<10,n<10,n<10,n<10,n<10,16,n<10,n<10,n<10,3,37,11,n<10,n<10,n<10,n<10,n<10,n<10,38,10,n<10,n<10
Park City High,704,447,10,12,Park City District,22,4900750,257,55,n<10,n<10,n<10,29,n<10,n<10,235,17,26,n<10,2,120,32,n<10,n<10,n<10,20,n<10,n<10,94,n<10,14,n<10,1,30,n<10,n<10,n<10,n<10,n<10,n<10,n<10,28,n<10,n<10,n<10,4,107,18,n<10,n<10,n<10,n<10,n<10,n<10,113,n<10,10,n<10
Parowan High,708,284,11,12,Iron District,13,4900390,42,18,n<10,n<10,n<10,n<10,n<10,n<10,39,n<10,n<10,n<10,,,,,,,,,,,,,,,,,,,,,,,,,,,1,42,18,n<10,n<10,n<10,n<10,n<10,n<10,39,n<10,n<10,n<10
Payson High,704,390,10,12,Nebo District,19,4900630,191,67,n<10,n<10,n<10,35,n<10,n<10,170,17,45,n<10,4,81,28,n<10,n<10,n<10,19,n<10,n<10,75,n<10,20,n<10,,,,,,,,,,,,,,2,110,39,n<10,n<10,n<10,16,n<10,n<10,95,10,25,n<10
Payson Jr High,408,391,9,9,Nebo District,19,4900630,111,18,n<10,n<10,n<10,17,n<10,n<10,92,18,26,n<10,1,46,12,n<10,n<10,n<10,n<10,n<10,n<10,39,n<10,10,n<10,,,,,,,,,,,,,,1,65,n<10,n<10,n<10,n<10,10,n<10,n<10,53,14,16,n<10
Pine View High,720,807,10,12,Washington District,33,4901140,384,88,12,11,n<10,106,14,n<10,335,81,165,30,4,133,41,n<10,n<10,n<10,34,n<10,n<10,92,13,44,11,2,14,n<10,n<10,n<10,n<10,n<10,n<10,n<10,12,n<10,n<10,n<10,6,237,46,n<10,n<10,n<10,70,n<10,n<10,231,68,120,18
Pinnacle Canyon Academy,100,629,9,12,Pinnacle Canyon Academy,86,4900008,74,46,n<10,n<10,n<10,n<10,n<10,n<10,60,14,49,n<10,2,43,28,n<10,n<10,n<10,n<10,n<10,n<10,32,n<10,25,n<10,,,,,,,,,,,,,,2,31,18,n<10,n<10,n<10,n<10,n<10,n<10,28,n<10,24,n<10
Pleasant Grove High,716,24,10,12,Alpine District,1,4900030,210,33,n<10,n<10,n<10,26,n<10,n<10,206,n<10,34,n<10,4,90,11,n<10,n<10,n<10,n<10,n<10,n<10,80,n<10,13,n<10,2,22,n<10,n<10,n<10,n<10,n<10,n<10,n<10,21,n<10,n<10,n<10,12,98,20,n<10,n<10,n<10,19,n<10,n<10,105,n<10,19,n<10
Pleasant Grove Jr High,416,25,9,9,Alpine District,1,4900030,152,46,n<10,n<10,n<10,24,n<10,n<10,117,n<10,31,n<10,1,75,18,n<10,n<10,n<10,13,n<10,n<10,56,n<10,16,n<10,,,,,,,,,,,,,,1,77,28,n<10,n<10,n<10,11,n<10,n<10,61,n<10,15,n<10
Providence Hall,100,1202,9,12,Providence Hall,9E,4900124,297,113,n<10,n<10,n<10,71,n<10,12,232,54,45,n<10,3,209,92,n<10,n<10,n<10,49,n<10,n<10,145,35,31,n<10,1,n<10,n<10,n<10,n<10,n<10,n<10,n<10,n<10,n<10,n<10,n<10,n<10,4,87,21,n<10,n<10,n<10,22,n<10,n<10,86,19,14,n<10
Provo High,704,459,9,12,Provo District,38,4900810,454,73,n<10,n<10,n<10,180,12,15,258,53,180,87,2,212,37,n<10,n<10,n<10,83,n<10,n<10,125,30,81,38,1,45,n<10,n<10,n<10,n<10,n<10,n<10,n<10,35,n<10,n<10,n<10,2,197,33,n<10,n<10,n<10,92,n<10,n<10,98,20,90,47
Quest Academy,100,1218,9,9,Quest Academy,1F,4900132,80,33,n<10,n<10,n<10,11,n<10,n<10,62,14,10,n<10,1,80,33,n<10,n<10,n<10,11,n<10,n<10,62,14,10,n<10,,,,,,,,,,,,,,,,,,,,,,,,,,
Real Salt Lake Academy High School,700,1517,9,12,Real Salt Lake Academy High School,8L,4900197,80,17,n<10,n<10,n<10,33,n<10,n<10,33,10,n<10,n<10,1,56,13,n<10,n<10,n<10,23,n<10,n<10,22,n<10,n<10,n<10,1,14,n<10,n<10,n<10,n<10,n<10,n<10,n<10,n<10,n<10,n<10,n<10,1,10,n<10,n<10,n<10,n<10,n<10,n<10,n<10,n<10,n<10,n<10,n<10
Rich High,708,471,9,12,Rich District,24,4900840,67,23,n<10,n<10,n<10,n<10,n<10,n<10,63,10,13,n<10,2,45,18,n<10,n<10,n<10,n<10,n<10,n<10,41,n<10,n<10,n<10,,,,,,,,,,,,,,3,22,n<10,n<10,n<10,n<10,n<10,n<10,n<10,22,n<10,n<10,n<10
Richfield High,708,544,9,12,Sevier District,26,4900930,77,31,n<10,n<10,n<10,n<10,n<10,n<10,81,13,41,n<10,1,63,29,n<10,n<10,n<10,n<10,n<10,n<10,55,n<10,27,n<10,,,,,,,,,,,,,,2,14,n<10,n<10,n<10,n<10,n<10,n<10,n<10,26,10,14,n<10
Ridgeline High School,705,1487,9,12,Cache District,4,4900120,302,113,n<10,n<10,n<10,32,n<10,n<10,274,23,88,11,3,123,32,n<10,n<10,n<10,15,n<10,n<10,103,n<10,44,n<10,2,18,n<10,n<10,n<10,n<10,n<10,n<10,n<10,28,n<10,n<10,n<10,2,161,73,n<10,n<10,n<10,17,n<10,n<10,143,16,40,n<10
Riverton High,710,661,10,12,Jordan District,14,4900420,284,87,n<10,n<10,n<10,25,n<10,n<10,243,21,27,n<10,1,154,39,n<10,n<10,n<10,17,n<10,n<10,129,n<10,17,n<10,,,,,,,,,,,,,,1,130,48,n<10,n<10,n<10,n<10,n<10,n<10,114,13,10,n<10
Riverview Jr High,412,376,9,9,Murray District,40,4900600,160,80,n<10,n<10,n<10,25,n<10,10,112,19,34,11,1,160,80,n<10,n<10,n<10,25,n<10,10,112,19,34,11,,,,,,,,,,,,,,,,,,,,,,,,,,
Rockwell Charter High School,700,1199,10,12,Rockwell Charter High School,2F,4900125,17,n<10,n<10,n<10,n<10,n<10,n<10,n<10,16,n<10,n<10,n<10,,,,,,,,,,,,,,,,,,,,,,,,,,,1,17,n<10,n<10,n<10,n<10,n<10,n<10,n<10,16,n<10,n<10,n<10
Rocky Mountain Jr High,403,212,9,9,Weber District,35,4901200,145,65,n<10,n<10,n<10,n<10,n<10,n<10,134,12,17,n<10,2,145,65,n<10,n<10,n<10,n<10,n<10,n<10,134,12,17,n<10,,,,,,,,,,,,,,,,,,,,,,,,,,
Roots Charter High School,700,1477,9,12,Roots Charter High School,3K,4900178,97,41,n<10,n<10,n<10,55,n<10,n<10,56,35,88,n<10,1,56,29,n<10,n<10,n<10,32,n<10,n<10,22,16,46,n<10,,,,,,,,,,,,,,3,41,12,n<10,n<10,n<10,23,n<10,n<10,34,19,42,n<10
Roy High,708,634,10,12,Weber District,35,4901200,306,109,n<10,n<10,n<10,69,n<10,12,213,39,113,18,2,234,94,n<10,n<10,n<10,58,n<10,n<10,161,39,85,14,2,23,n<10,n<10,n<10,n<10,n<10,n<10,n<10,16,n<10,11,n<10,2,49,13,n<10,n<10,n<10,n<10,n<10,n<10,36,n<10,17,n<10
Roy Jr High,404,635,9,9,Weber District,35,4901200,125,43,n<10,n<10,n<10,33,n<10,n<10,82,14,48,n<10,2,125,43,n<10,n<10,n<10,33,n<10,n<10,82,14,48,n<10,,,,,,,,,,,,,,,,,,,,,,,,,,
Salem Hills High,706,1160,10,12,Nebo District,19,4900630,n<10,n<10,n<10,n<10,n<10,n<10,n<10,n<10,n<10,n<10,n<10,n<10,1,n<10,n<10,n<10,n<10,n<10,n<10,n<10,n<10,n<10,n<10,n<10,n<10,,,,,,,,,,,,,,,,,,,,,,,,,,
Salem Junior High,416,1390,9,9,Nebo District,19,4900630,54,n<10,n<10,n<10,n<10,n<10,n<10,n<10,47,n<10,n<10,n<10,,,,,,,,,,,,,,,,,,,,,,,,,,,1,54,n<10,n<10,n<10,n<10,n<10,n<10,n<10,47,n<10,n<10,n<10
Salt Lake Center for Science Education,300,1208,9,12,Salt Lake Center for Science Education,4F,4900123,85,28,n<10,n<10,n<10,43,n<10,n<10,38,n<10,32,n<10,1,85,28,n<10,n<10,n<10,43,n<10,n<10,38,n<10,32,n<10,,,,,,,,,,,,,,,,,,,,,,,,,,
San Juan High,708,537,9,11,San Juan District,25,4900900,14,n<10,n<10,n<10,n<10,n<10,n<10,n<10,n<10,n<10,14,n<10,,,,,,,,,,,,,,,,,,,,,,,,,,,1,14,n<10,n<10,n<10,n<10,n<10,n<10,n<10,n<10,n<10,14,n<10
Sand Ridge Jr High,406,637,9,9,Weber District,35,4901200,136,53,n<10,n<10,n<10,29,n<10,n<10,94,15,53,n<10,2,136,53,n<10,n<10,n<10,29,n<10,n<10,94,15,53,n<10,,,,,,,,,,,,,,,,,,,,,,,,,,
Shoreline Junior High,428,1569,9,9,Davis District,7,4900210,72,21,n<10,n<10,n<10,n<10,n<10,n<10,61,n<10,n<10,n<10,1,72,21,n<10,n<10,n<10,n<10,n<10,n<10,61,n<10,n<10,n<10,,,,,,,,,,,,,,,,,,,,,,,,,,
Silver Summit Academy,705,1534,9,12,South Summit District,28,4900990,44,17,n<10,n<10,n<10,n<10,n<10,n<10,44,n<10,n<10,n<10,1,18,10,n<10,n<10,n<10,n<10,n<10,n<10,18,n<10,n<10,n<10,1,n<10,n<10,n<10,n<10,n<10,n<10,n<10,n<10,n<10,n<10,n<10,n<10,1,17,n<10,n<10,n<10,n<10,n<10,n<10,n<10,17,n<10,n<10,n<10
Sky View High,706,83,9,12,Cache District,4,4900120,325,92,n<10,n<10,n<10,37,n<10,n<10,307,35,156,n<10,2,143,40,n<10,n<10,n<10,16,n<10,n<10,129,21,70,n<10,2,19,n<10,n<10,n<10,n<10,n<10,n<10,n<10,28,n<10,12,n<10,3,163,48,n<10,n<10,n<10,19,n<10,n<10,150,14,74,n<10
Skyline High,718,261,9,12,Granite District,12,4900360,409,172,n<10,40,n<10,23,n<10,11,328,17,37,n<10,2,367,164,n<10,32,n<10,22,n<10,11,295,16,33,n<10,1,26,n<10,n<10,n<10,n<10,n<10,n<10,n<10,21,n<10,n<10,n<10,1,16,n<10,n<10,n<10,n<10,n<10,n<10,n<10,12,n<10,n<10,n<10
Skyridge High School,785,1486,9,12,Alpine District,1,4900030,424,92,n<10,n<10,n<10,58,n<10,18,502,38,57,n<10,3,82,16,n<10,n<10,n<10,12,n<10,n<10,76,n<10,11,n<10,6,106,15,n<10,n<10,n<10,18,n<10,n<10,127,n<10,16,n<10,16,236,61,n<10,n<10,n<10,28,n<10,n<10,299,28,30,n<10
Snow Canyon High,725,206,10,12,Washington District,33,4901140,219,50,n<10,n<10,n<10,56,n<10,10,175,32,72,n<10,2,90,21,n<10,n<10,n<10,23,n<10,n<10,66,12,32,n<10,1,n<10,n<10,n<10,n<10,n<10,n<10,n<10,n<10,n<10,n<10,n<10,n<10,4,120,29,n<10,n<10,n<10,31,n<10,n<10,102,19,38,n<10
Snow Canyon Middle,425,63,9,9,Washington District,33,4901140,66,17,n<10,n<10,n<10,15,n<10,n<10,43,10,27,n<10,,,,,,,,,,,,,,,,,,,,,,,,,,,1,66,17,n<10,n<10,n<10,15,n<10,n<10,43,10,27,n<10
Snowcrest Jr High,412,669,9,9,Weber District,35,4901200,57,28,n<10,n<10,n<10,n<10,n<10,n<10,51,n<10,n<10,n<10,1,57,28,n<10,n<10,n<10,n<10,n<10,n<10,51,n<10,n<10,n<10,,,,,,,,,,,,,,,,,,,,,,,,,,
South Davis Jr High,416,142,9,9,Davis District,7,4900210,221,78,n<10,n<10,n<10,33,n<10,n<10,174,22,50,12,1,199,73,n<10,n<10,n<10,27,n<10,n<10,158,20,44,11,,,,,,,,,,,,,,1,22,n<10,n<10,n<10,n<10,n<10,n<10,n<10,16,n<10,n<10,n<10
South Hills Middle,415,531,9,9,Jordan District,14,4900420,35,11,n<10,n<10,n<10,n<10,n<10,n<10,27,n<10,n<10,n<10,1,35,11,n<10,n<10,n<10,n<10,n<10,n<10,27,n<10,n<10,n<10,,,,,,,,,,,,,,,,,,,,,,,,,,
South Jordan Middle,411,896,9,9,Jordan District,14,4900420,71,25,n<10,n<10,n<10,n<10,n<10,n<10,54,n<10,n<10,n<10,1,71,25,n<10,n<10,n<10,n<10,n<10,n<10,54,n<10,n<10,n<10,,,,,,,,,,,,,,,,,,,,,,,,,,
South Ogden Jr High,408,638,9,9,Weber District,35,4901200,n<10,n<10,n<10,n<10,n<10,n<10,n<10,n<10,n<10,n<10,n<10,n<10,1,n<10,n<10,n<10,n<10,n<10,n<10,n<10,n<10,n<10,n<10,n<10,n<10,,,,,,,,,,,,,,,,,,,,,,,,,,
South Sevier High,712,547,9,12,Sevier District,26,4900930,34,15,n<10,n<10,n<10,n<10,n<10,n<10,32,n<10,12,n<10,1,34,15,n<10,n<10,n<10,n<10,n<10,n<10,32,n<10,12,n<10,,,,,,,,,,,,,,,,,,,,,,,,,,
South Summit High,704,557,9,12,South Summit District,28,4900990,89,29,n<10,n<10,n<10,22,n<10,n<10,97,n<10,27,n<10,2,33,n<10,n<10,n<10,n<10,n<10,n<10,n<10,25,n<10,n<10,n<10,,,,,,,,,,,,,,5,56,20,n<10,n<10,n<10,16,n<10,n<10,72,n<10,19,n<10
Southwest Educational Academy,750,872,9,10,Iron District,13,4900390,n<10,n<10,n<10,n<10,n<10,n<10,n<10,n<10,n<10,n<10,n<10,n<10,1,n<10,n<10,n<10,n<10,n<10,n<10,n<10,n<10,n<10,n<10,n<10,n<10,,,,,,,,,,,,,,,,,,,,,,,,,,
Spanish Fork High,708,399,10,12,Nebo District,19,4900630,135,42,n<10,n<10,n<10,28,n<10,n<10,131,19,21,n<10,3,63,14,n<10,n<10,n<10,14,n<10,n<10,69,13,11,n<10,,,,,,,,,,,,,,3,72,28,n<10,n<10,n<10,14,n<10,n<10,62,n<10,10,n<10
Spanish Fork Jr High,420,482,9,9,Nebo District,19,4900630,58,n<10,n<10,n<10,n<10,n<10,n<10,n<10,50,n<10,11,n<10,1,n<10,n<10,n<10,n<10,n<10,n<10,n<10,n<10,n<10,n<10,n<10,n<10,,,,,,,,,,,,,,1,57,n<10,n<10,n<10,n<10,n<10,n<10,n<10,49,n<10,11,n<10
Spectrum Academy - NSL,100,1137,9,12,Spectrum Academy,3D,4900042,203,40,n<10,n<10,n<10,20,n<10,n<10,217,227,63,n<10,3,94,23,n<10,n<10,n<10,n<10,n<10,n<10,84,87,20,n<10,3,17,n<10,n<10,n<10,n<10,n<10,n<10,n<10,18,17,n<10,n<10,7,92,17,n<10,n<10,n<10,13,n<10,n<10,115,123,38,n<10
Spectrum Academy - Pleasant Grove,300,1464,9,12,Spectrum Academy,3D,4900042,102,15,n<10,n<10,n<10,n<10,n<10,n<10,105,89,31,n<10,3,68,13,n<10,n<10,n<10,n<10,n<10,n<10,72,60,22,n<10,1,18,n<10,n<10,n<10,n<10,n<10,n<10,n<10,18,15,n<10,n<10,1,16,n<10,n<10,n<10,n<10,n<10,n<10,n<10,15,14,n<10,n<10
Springville High,712,402,10,12,Nebo District,19,4900630,309,139,n<10,n<10,n<10,89,10,10,312,41,103,12,4,195,110,n<10,n<10,n<10,67,n<10,n<10,219,32,73,n<10,2,24,n<10,n<10,n<10,n<10,n<10,n<10,n<10,19,n<10,n<10,n<10,3,90,24,n<10,n<10,n<10,20,n<10,n<10,74,n<10,25,n<10
Springville Jr High,424,403,9,9,Nebo District,19,4900630,94,39,n<10,n<10,n<10,22,n<10,n<10,62,12,31,n<10,2,94,39,n<10,n<10,n<10,22,n<10,n<10,62,12,31,n<10,,,,,,,,,,,,,,,,,,,,,,,,,,
St. George Academy,700,1485,9,12,St. George Academy,9K,4900188,164,86,n<10,10,n<10,31,n<10,n<10,161,41,20,n<10,4,89,47,n<10,n<10,n<10,17,n<10,n<10,82,27,13,n<10,1,21,n<10,n<10,n<10,n<10,n<10,n<10,n<10,15,n<10,n<10,n<10,4,54,34,n<10,n<10,n<10,10,n<10,n<10,64,10,n<10,n<10
Stansbury High,720,1177,9,12,Tooele District,30,4901050,942,412,n<10,n<10,13,148,14,32,758,107,144,42,1,559,282,n<10,n<10,n<10,90,11,19,419,75,82,21,,,,,,,,,,,,,,4,383,130,n<10,n<10,n<10,58,n<10,13,339,32,62,21
Success DSU,710,1470,10,12,Success Academy,A9,4900037,62,16,n<10,n<10,n<10,n<10,n<10,n<10,52,n<10,n<10,n<10,3,45,15,n<10,n<10,n<10,n<10,n<10,n<10,38,n<10,n<10,n<10,1,n<10,n<10,n<10,n<10,n<10,n<10,n<10,n<10,n<10,n<10,n<10,n<10,4,16,n<10,n<10,n<10,n<10,n<10,n<10,n<10,13,n<10,n<10,n<10
Success SUU,700,1101,9,10,Success Academy,A9,4900037,39,22,n<10,n<10,n<10,n<10,n<10,n<10,32,n<10,10,n<10,1,36,21,n<10,n<10,n<10,n<10,n<10,n<10,30,n<10,n<10,n<10,,,,,,,,,,,,,,1,n<10,n<10,n<10,n<10,n<10,n<10,n<10,n<10,n<10,n<10,n<10,n<10
Summit Academy High School,700,1396,9,12,Summit Academy High School,7G,4900148,105,42,n<10,n<10,n<10,15,n<10,n<10,81,n<10,17,n<10,,,,,,,,,,,,,,,,,,,,,,,,,,,1,105,42,n<10,n<10,n<10,15,n<10,n<10,81,n<10,17,n<10
Summit High,730,366,9,12,Alpine District,1,4900030,27,n<10,n<10,n<10,n<10,n<10,n<10,n<10,18,n<10,11,n<10,1,27,n<10,n<10,n<10,n<10,n<10,n<10,n<10,18,n<10,11,n<10,,,,,,,,,,,,,,,,,,,,,,,,,,
Sunrise High School,778,707,12,12,Box Elder District,3,4900090,n<10,n<10,n<10,n<10,n<10,n<10,n<10,n<10,n<10,n<10,n<10,n<10,,,,,,,,,,,,,,,,,,,,,,,,,,,1,n<10,n<10,n<10,n<10,n<10,n<10,n<10,n<10,n<10,n<10,n<10,n<10
Sunset Jr High,418,145,9,9,Davis District,7,4900210,71,21,n<10,n<10,n<10,n<10,n<10,n<10,57,n<10,21,n<10,1,71,21,n<10,n<10,n<10,n<10,n<10,n<10,57,n<10,21,n<10,,,,,,,,,,,,,,,,,,,,,,,,,,
Sunset Ridge Middle,416,1103,9,9,Jordan District,14,4900420,78,36,n<10,n<10,n<10,20,n<10,n<10,48,n<10,12,n<10,1,78,36,n<10,n<10,n<10,20,n<10,n<10,48,n<10,12,n<10,,,,,,,,,,,,,,,,,,,,,,,,,,
Syracuse Arts Academy - Antelope,100,1145,9,9,Syracuse Arts Academy,4D,4900044,138,77,n<10,n<10,n<10,21,n<10,10,97,28,21,n<10,1,51,29,n<10,n<10,n<10,n<10,n<10,n<10,33,n<10,10,n<10,,,,,,,,,,,,,,1,87,48,n<10,n<10,n<10,12,n<10,n<10,64,21,11,n<10
Syracuse High,716,1205,10,12,Davis District,7,4900210,272,86,n<10,15,n<10,45,n<10,n<10,252,31,40,n<10,3,186,77,n<10,11,n<10,35,n<10,n<10,181,22,29,n<10,2,14,n<10,n<10,n<10,n<10,n<10,n<10,n<10,15,n<10,n<10,n<10,2,72,n<10,n<10,n<10,n<10,10,n<10,n<10,56,n<10,n<10,n<10
Syracuse Jr High,420,848,9,9,Davis District,7,4900210,147,42,n<10,n<10,n<10,10,n<10,11,119,11,27,n<10,1,147,42,n<10,n<10,n<10,10,n<10,11,119,11,27,n<10,,,,,,,,,,,,,,,,,,,,,,,,,,
T.H. Bell Jr High,410,639,9,9,Weber District,35,4901200,115,44,n<10,n<10,n<10,34,n<10,n<10,72,14,58,n<10,1,115,44,n<10,n<10,n<10,34,n<10,n<10,72,14,58,n<10,,,,,,,,,,,,,,,,,,,,,,,,,,
Taylorsville High,722,764,9,12,Granite District,12,4900360,704,268,n<10,20,19,314,26,20,315,89,356,128,3,678,259,n<10,20,18,302,25,19,306,88,340,122,1,26,n<10,n<10,n<10,n<10,12,n<10,n<10,n<10,n<10,16,n<10,,,,,,,,,,,,,
Terra Academy,300,1476,9,12,Terra Academy,8J,4900179,75,39,n<10,n<10,n<10,n<10,n<10,n<10,68,11,20,n<10,1,75,39,n<10,n<10,n<10,n<10,n<10,n<10,68,11,20,n<10,,,,,,,,,,,,,,,,,,,,,,,,,,
Timberline Middle,420,909,9,9,Alpine District,1,4900030,498,268,n<10,n<10,n<10,22,n<10,21,443,30,20,n<10,1,367,199,n<10,n<10,n<10,14,n<10,12,332,28,17,n<10,,,,,,,,,,,,,,1,131,69,n<10,n<10,n<10,n<10,n<10,n<10,111,n<10,n<10,n<10
Timpanogos High,718,362,10,12,Alpine District,1,4900030,166,42,n<10,13,n<10,34,n<10,13,183,12,60,n<10,1,32,n<10,n<10,n<10,n<10,n<10,n<10,n<10,26,n<10,n<10,n<10,5,40,n<10,n<10,n<10,n<10,n<10,n<10,n<10,38,n<10,15,n<10,8,94,29,n<10,n<10,n<10,28,n<10,n<10,119,10,38,n<10
Timpview High,712,466,9,12,Provo District,38,4900810,750,230,n<10,32,11,197,31,46,500,50,199,96,3,382,130,n<10,14,n<10,113,25,26,228,24,107,49,3,86,18,n<10,n<10,n<10,11,n<10,n<10,65,n<10,16,n<10,5,282,82,n<10,11,n<10,73,n<10,17,207,22,76,39
Tintic High,704,560,9,12,Tintic District,29,4901020,38,22,n<10,n<10,n<10,n<10,n<10,n<10,35,n<10,n<10,n<10,1,22,14,n<10,n<10,n<10,n<10,n<10,n<10,21,n<10,n<10,n<10,,,,,,,,,,,,,,1,16,n<10,n<10,n<10,n<10,n<10,n<10,n<10,14,n<10,n<10,n<10
Tooele High,712,574,9,12,Tooele District,30,4901050,322,98,n<10,n<10,n<10,76,n<10,n<10,239,41,75,19,2,246,87,n<10,n<10,n<10,53,n<10,n<10,181,33,58,16,,,,,,,,,,,,,,3,76,11,n<10,n<10,n<10,23,n<10,n<10,58,n<10,17,n<10
Treasure Mtn. Junior High School,304,773,9,9,Park City District,22,4900750,381,182,n<10,n<10,n<10,77,n<10,n<10,292,22,66,30,1,381,182,n<10,n<10,n<10,77,n<10,n<10,292,22,66,30,,,,,,,,,,,,,,,,,,,,,,,,,,
Uintah High,704,585,9,12,Uintah District,31,4901080,696,256,36,n<10,n<10,70,n<10,21,614,74,248,12,4,412,164,22,n<10,n<10,45,n<10,13,343,52,147,n<10,1,12,n<10,n<10,n<10,n<10,n<10,n<10,n<10,10,n<10,n<10,n<10,4,272,90,14,n<10,n<10,25,n<10,n<10,261,22,98,n<10
Uintah River High,700,671,10,12,Uintah River High,92,4900013,18,n<10,17,n<10,n<10,n<10,n<10,n<10,n<10,n<10,12,n<10,1,17,n<10,16,n<10,n<10,n<10,n<10,n<10,n<10,n<10,12,n<10,,,,,,,,,,,,,,1,n<10,n<10,n<10,n<10,n<10,n<10,n<10,n<10,n<10,n<10,n<10,n<10
Union High,714,171,9,12,Duchesne District,8,4900240,253,66,30,n<10,n<10,46,n<10,n<10,198,49,110,n<10,1,65,16,n<10,n<10,n<10,11,n<10,n<10,45,n<10,21,n<10,1,12,n<10,n<10,n<10,n<10,n<10,n<10,n<10,11,n<10,n<10,n<10,3,176,48,25,n<10,n<10,34,n<10,n<10,142,41,85,n<10
Utah Connections Academy,101,1386,9,12,Utah Connections Academy,2H,4900151,93,51,n<10,n<10,n<10,18,n<10,n<10,70,n<10,30,n<10,1,93,51,n<10,n<10,n<10,18,n<10,n<10,70,n<10,30,n<10,,,,,,,,,,,,,,,,,,,,,,,,,,
Utah County Academy of Science,700,1106,9,12,Utah County Academy of Science,1B,4900020,419,164,n<10,14,n<10,113,n<10,16,274,n<10,83,13,3,263,104,n<10,n<10,n<10,76,n<10,10,168,n<10,51,12,1,39,12,n<10,n<10,n<10,11,n<10,n<10,23,n<10,11,n<10,2,117,48,n<10,n<10,n<10,26,n<10,n<10,83,n<10,21,n<10
Utah Military Academy - Camp Williams,710,1501,9,12,Utah Military Academy,2K,4900176,187,54,n<10,n<10,n<10,60,n<10,n<10,131,42,44,26,2,83,29,n<10,n<10,n<10,28,n<10,n<10,53,18,19,15,1,10,n<10,n<10,n<10,n<10,n<10,n<10,n<10,n<10,n<10,n<10,n<10,7,94,24,n<10,n<10,n<10,29,n<10,n<10,72,21,25,10
Utah Military Academy,700,1463,9,12,Utah Military Academy,2K,4900176,223,77,n<10,n<10,n<10,80,n<10,11,162,40,63,29,3,102,35,n<10,n<10,n<10,42,n<10,n<10,59,18,23,20,1,11,n<10,n<10,n<10,n<10,n<10,n<10,n<10,n<10,n<10,n<10,n<10,9,110,42,n<10,n<10,n<10,35,n<10,n<10,96,21,37,n<10
Utah Online 7-12,500,1432,9,12,Washington District,33,4901140,123,33,n<10,n<10,n<10,n<10,n<10,n<10,120,n<10,13,n<10,2,81,23,n<10,n<10,n<10,n<10,n<10,n<10,79,n<10,11,n<10,1,21,n<10,n<10,n<10,n<10,n<10,n<10,n<10,20,n<10,n<10,n<10,2,21,n<10,n<10,n<10,n<10,n<10,n<10,n<10,21,n<10,n<10,n<10
Utah Virtual Academy,700,1196,9,12,Utah Virtual Academy,5F,4900130,489,228,12,18,22,36,n<10,n<10,458,99,253,n<10,3,343,175,n<10,12,14,22,n<10,n<10,324,77,177,n<10,,,,,,,,,,,,,,4,146,53,n<10,n<10,n<10,14,n<10,n<10,134,22,76,n<10
Valley High,708,341,11,12,Kane District,16,4900480,13,10,n<10,n<10,n<10,n<10,n<10,n<10,12,n<10,n<10,n<10,,,,,,,,,,,,,,,,,,,,,,,,,,,1,13,10,n<10,n<10,n<10,n<10,n<10,n<10,12,n<10,n<10,n<10
Vanguard Academy,700,1475,9,12,Vanguard Academy,1K,4900183,118,53,n<10,n<10,n<10,n<10,n<10,n<10,118,n<10,82,n<10,2,100,47,n<10,n<10,n<10,n<10,n<10,n<10,99,n<10,70,n<10,,,,,,,,,,,,,,2,18,n<10,n<10,n<10,n<10,n<10,n<10,n<10,19,n<10,12,n<10
Venture Academy,100,1216,9,12,Venture Academy,3F,4900133,234,81,n<10,n<10,n<10,35,n<10,n<10,203,52,47,n<10,2,159,68,n<10,n<10,n<10,27,n<10,n<10,132,38,32,n<10,1,15,n<10,n<10,n<10,n<10,n<10,n<10,n<10,14,n<10,n<10,n<10,2,60,12,n<10,n<10,n<10,n<10,n<10,n<10,57,12,10,n<10
Viewmont High,712,151,10,12,Davis District,7,4900210,347,94,n<10,n<10,n<10,50,n<10,17,354,24,71,11,3,187,49,n<10,n<10,n<10,32,n<10,14,206,16,44,n<10,,,,,,,,,,,,,,3,160,45,n<10,n<10,n<10,18,n<10,n<10,148,n<10,27,n<10
Viewpoint Middle,435,1619,9,9,Alpine District,1,4900030,184,62,n<10,n<10,n<10,22,n<10,10,184,13,21,n<10,,,,,,,,,,,,,,,,,,,,,,,,,,,2,184,62,n<10,n<10,n<10,22,n<10,10,184,13,21,n<10
Vista Heights Middle,490,1387,9,9,Alpine District,1,4900030,182,67,n<10,n<10,n<10,25,n<10,n<10,175,17,21,n<10,1,n<10,n<10,n<10,n<10,n<10,n<10,n<10,n<10,n<10,n<10,n<10,n<10,,,,,,,,,,,,,,2,181,66,n<10,n<10,n<10,25,n<10,n<10,174,17,21,n<10
Vista School,100,1296,9,9,Vista School,2G,4900141,46,29,n<10,n<10,n<10,n<10,n<10,n<10,34,n<10,14,n<10,,,,,,,,,,,,,,,,,,,,,,,,,,,2,46,29,n<10,n<10,n<10,n<10,n<10,n<10,34,n<10,14,n<10
Wahlquist Jr High,416,643,9,9,Weber District,35,4901200,n<10,n<10,n<10,n<10,n<10,n<10,n<10,n<10,n<10,n<10,n<10,n<10,1,n<10,n<10,n<10,n<10,n<10,n<10,n<10,n<10,n<10,n<10,n<10,n<10,,,,,,,,,,,,,,,,,,,,,,,,,,
Walden School of Liberal Arts,300,991,9,12,Walden School of Liberal Arts,81,4900061,61,22,n<10,n<10,n<10,13,n<10,n<10,55,23,30,n<10,2,24,12,n<10,n<10,n<10,n<10,n<10,n<10,20,n<10,14,n<10,,,,,,,,,,,,,,2,37,10,n<10,n<10,n<10,n<10,n<10,n<10,35,17,16,n<10
Wasatch High,704,594,9,12,Wasatch District,32,4901110,269,42,n<10,n<10,n<10,58,n<10,n<10,208,27,43,23,2,245,40,n<10,n<10,n<10,57,n<10,n<10,187,23,39,23,1,14,n<10,n<10,n<10,n<10,n<10,n<10,n<10,11,n<10,n<10,n<10,1,10,n<10,n<10,n<10,n<10,n<10,n<10,n<10,10,n<10,n<10,n<10
Water Canyon High,518,1521,9,12,Washington District,33,4901140,16,n<10,n<10,n<10,n<10,n<10,n<10,n<10,16,n<10,16,n<10,,,,,,,,,,,,,,,,,,,,,,,,,,,1,16,n<10,n<10,n<10,n<10,n<10,n<10,n<10,16,n<10,16,n<10
Wayne High,704,610,9,12,Wayne District,34,4901170,49,29,n<10,n<10,n<10,n<10,n<10,n<10,43,n<10,18,n<10,1,37,23,n<10,n<10,n<10,n<10,n<10,n<10,34,n<10,15,n<10,,,,,,,,,,,,,,1,12,n<10,n<10,n<10,n<10,n<10,n<10,n<10,n<10,n<10,n<10,n<10
Weber High,704,645,10,12,Weber District,35,4901200,391,81,n<10,11,n<10,46,n<10,11,351,27,73,n<10,3,192,49,n<10,n<10,n<10,20,n<10,n<10,162,13,37,n<10,2,33,n<10,n<10,n<10,n<10,n<10,n<10,n<10,27,n<10,n<10,n<10,4,166,29,n<10,n<10,n<10,22,n<10,n<10,162,14,33,n<10
Weber Innovation High School,725,1482,9,12,Weber District,35,4901200,209,101,n<10,n<10,n<10,22,n<10,n<10,227,n<10,58,n<10,3,96,50,n<10,n<10,n<10,n<10,n<10,n<10,83,n<10,23,n<10,5,38,16,n<10,n<10,n<10,n<10,n<10,n<10,60,n<10,16,n<10,6,75,35,n<10,n<10,n<10,n<10,n<10,n<10,84,n<10,19,n<10
West High,716,524,9,12,Salt Lake District,36,4900870,470,163,n<10,59,27,178,22,22,168,52,182,70,3,350,138,n<10,41,17,143,21,15,118,45,146,57,2,75,17,n<10,15,n<10,18,n<10,n<10,32,n<10,17,n<10,1,45,n<10,n<10,n<10,n<10,17,n<10,n<10,18,n<10,19,n<10
West Hills Middle,414,428,9,9,Jordan District,14,4900420,111,31,n<10,n<10,n<10,36,n<10,n<10,64,n<10,31,10,1,111,31,n<10,n<10,n<10,36,n<10,n<10,64,n<10,31,10,,,,,,,,,,,,,,,,,,,,,,,,,,
West Jordan High,718,769,10,12,Jordan District,14,4900420,455,197,n<10,n<10,n<10,167,17,22,236,55,160,73,2,280,115,n<10,n<10,n<10,109,11,12,138,41,94,56,,,,,,,,,,,,,,2,175,82,n<10,n<10,n<10,58,n<10,10,98,14,66,17
West Jordan Middle,412,330,9,9,Jordan District,14,4900420,64,13,n<10,n<10,n<10,15,n<10,n<10,38,n<10,21,12,1,30,n<10,n<10,n<10,n<10,n<10,n<10,n<10,20,n<10,11,n<10,,,,,,,,,,,,,,1,34,n<10,n<10,n<10,n<10,10,n<10,n<10,18,n<10,10,n<10
West Point Jr High,422,923,9,9,Davis District,7,4900210,227,94,n<10,n<10,n<10,23,n<10,11,184,12,32,n<10,1,136,56,n<10,n<10,n<10,15,n<10,n<10,108,10,22,n<10,,,,,,,,,,,,,,1,91,38,n<10,n<10,n<10,n<10,n<10,n<10,76,n<10,10,n<10
Westlake High,789,1293,10,12,Alpine District,1,4900030,710,179,n<10,13,n<10,90,n<10,33,715,73,82,23,2,174,55,n<10,n<10,n<10,24,n<10,n<10,144,10,17,n<10,6,137,22,n<10,n<10,n<10,15,n<10,n<10,124,n<10,10,n<10,13,399,102,n<10,n<10,n<10,51,n<10,19,447,55,55,16
Whitehorse High,710,667,9,12,San Juan District,25,4900900,68,32,68,n<10,n<10,n<10,n<10,n<10,n<10,10,74,34,2,52,24,53,n<10,n<10,n<10,n<10,n<10,n<10,n<10,58,27,2,16,n<10,15,n<10,n<10,n<10,n<10,n<10,n<10,n<10,16,n<10,,,,,,,,,,,,,
Willowcreek Middle,425,1109,9,9,Alpine District,1,4900030,200,75,n<10,n<10,n<10,12,n<10,n<10,171,10,26,n<10,,,,,,,,,,,,,,,,,,,,,,,,,,,1,200,75,n<10,n<10,n<10,12,n<10,n<10,171,10,26,n<10
Woods Cross High,714,157,10,12,Davis District,7,4900210,421,141,n<10,n<10,n<10,63,13,14,375,39,76,22,3,238,82,n<10,n<10,n<10,42,n<10,n<10,223,22,49,13,,,,,,,,,,,,,,2,183,59,n<10,n<10,n<10,21,n<10,n<10,152,17,27,n<10
,,,,,,,,,,,,,,,,,,,,,,,,,,,,,,,,56,,,,,,,,,,,,,,,,,,,,,,,,,,
,,,,,,,,,,,,,,,,,,,,,,,,,,,,,,,,864,,,,,,,,,,,,,,,,,,,,,,,,,,
,,,,,,,,,,,,,,,,,,,,,,,,,,,,,,,,933,,,,,,,,,,,,,,,,,,,,,,,,,,